TOWER,1137,183,802,2339,IMG_7084.JPG,3024,3024
TOWER,1038,159,797,2405,IMG_7085.JPG,3024,3024
TOWER,898,253,816,2433,IMG_7086.JPG,3024,3024
TOWER,1006,183,891,2635,IMG_7087.JPG,3024,3024
TOWER,1156,164,844,2583,IMG_7088.JPG,3024,3024
TOWER,1212,136,839,2588,IMG_7089.JPG,3024,3024
TOWER,945,0,975,2827,IMG_7090.JPG,3024,3024
TOWER,668,98,1060,2715,IMG_7091.JPG,3024,3024
TOWER,978,89,956,2766,IMG_7092.JPG,3024,3024
TOWER,1123,103,942,2776,IMG_7093.JPG,3024,3024
TOWER,781,103,1191,2747,IMG_7094.JPG,3024,3024
TOWER,804,122,1242,2808,IMG_7095.JPG,3024,3024
TOWER,968,159,877,2733,IMG_7096.JPG,3024,3024
TOWER,1123,164,835,2621,IMG_7098.JPG,3024,3024
TOWER,720,28,1214,2747,IMG_7099.JPG,3024,3024
TOWER,1067,117,900,2611,IMG_7100.JPG,3024,3024
TOWER,1034,192,783,2583,IMG_7101.JPG,3024,3024
TOWER,959,169,914,2550,IMG_7102.JPG,3024,3024
TOWER,996,122,783,2574,IMG_7103.JPG,3024,3024
TOWER,1006,103,1017,2715,IMG_7104.JPG,3024,3024
TOWER,978,239,1139,2597,IMG_7105.JPG,3024,3024
TOWER,1090,422,1031,2508,IMG_7106.JPG,3024,3024
TOWER,931,5,844,2776,IMG_7107.JPG,3024,3024
TOWER,1128,366,760,2344,IMG_7108.JPG,3024,3024
TOWER,917,136,1074,2696,IMG_7109.JPG,3024,3024
TOWER,1034,572,1092,2161,IMG_7110.JPG,3024,3024
TOWER,823,122,952,2574,IMG_7111.JPG,3024,3024
TOWER,1006,441,1046,2189,IMG_7112.JPG,3024,3024
TOWER,1020,192,792,2597,IMG_7113.JPG,3024,3024
TOWER,1038,84,952,2672,IMG_7114.JPG,3024,3024
TOWER,870,122,1224,2766,IMG_7115.JPG,3024,3024
TOWER,1113,84,895,2785,IMG_7116.JPG,3024,3024
TOWER,921,183,999,2701,IMG_7117.JPG,3024,3024
TOWER,1034,173,849,2761,IMG_7118.JPG,3024,3024
TOWER,1076,323,788,2555,IMG_7119.JPG,3024,3024
TOWER,795,75,1261,2799,IMG_7120.JPG,3024,3024
TOWER,1001,38,994,2865,IMG_7121.JPG,3024,3024
TOWER,1067,38,1003,2897,IMG_7122.JPG,3024,3024
TOWER,973,84,910,2672,IMG_7123.JPG,3024,3024
TOWER,795,178,1364,2724,IMG_7124.JPG,3024,3024
TOWER,724,136,1242,2663,IMG_7125.JPG,3024,3024
TOWER,823,52,1402,2752,IMG_7126.JPG,3024,3024
TOWER,1278,272,853,2513,IMG_7127.JPG,3024,3024
TOWER,1057,159,933,2583,IMG_7128.JPG,3024,3024
TOWER,748,244,1383,2560,IMG_7129.JPG,3024,3024
TOWER,978,145,811,2621,IMG_7130.JPG,3024,3024
TOWER,767,202,961,2654,IMG_7131.JPG,3024,3024
TOWER,1081,70,900,2841,IMG_7132.JPG,3024,3024
TOWER,1254,141,891,2719,IMG_7133.JPG,3024,3024
TOWER,1076,206,1069,2771,IMG_7134.JPG,3024,3024
TOWER,1057,816,1116,1739,IMG_7135.JPG,3024,3024
TOWER,963,277,769,2438,IMG_7136.JPG,3024,3024
TOWER,973,567,830,2157,IMG_7137.JPG,3024,3024
TOWER,1015,117,867,2893,IMG_7138.JPG,3024,3024
TOWER,1067,66,900,2879,IMG_7139.JPG,3024,3024
TOWER,1137,108,1102,2710,IMG_7140.JPG,3024,3024
TOWER,1053,248,1125,2565,IMG_7141.JPG,3024,3024
TOWER,368,42,2541,2776,IMG_7142.JPG,3024,3024
TOWER,799,9,1425,2879,IMG_7143.JPG,3024,3024
TOWER,879,19,877,2799,IMG_7144.JPG,3024,3024
TOWER,851,122,1125,2780,IMG_7145.JPG,3024,3024
TOWER,987,417,778,2452,IMG_7146.JPG,3024,3024
TOWER,1226,427,727,2054,IMG_7147.JPG,3024,3024
TOWER,856,178,1060,2607,IMG_7148.JPG,3024,3024
TOWER,860,230,1036,2593,IMG_7149.JPG,3024,3024
TOWER,996,164,839,2691,IMG_7150.JPG,3024,3024
TOWER,1048,178,881,2691,IMG_7151.JPG,3024,3024
TOWER,963,150,914,2433,IMG_7152.JPG,3024,3024
TOWER,1113,248,788,2550,IMG_7153.JPG,3024,3024
TOWER,931,202,802,2358,IMG_7154.JPG,3024,3024
TOWER,1085,230,839,2325,IMG_7155.JPG,3024,3024
TOWER,1287,591,849,2213,IMG_7156.JPG,3024,3024
TOWER,949,188,891,2588,IMG_7157.JPG,3024,3024
TOWER,1057,248,914,2354,IMG_7158.JPG,3024,3024
TOWER,1029,211,1003,2522,IMG_7159.JPG,3024,3024
TOWER,987,389,1031,2349,IMG_7160.JPG,3024,3024
TOWER,912,234,1050,2635,IMG_7161.JPG,3024,3024
TOWER,1062,145,966,2602,IMG_7162.JPG,3024,3024
TOWER,1053,192,961,2560,IMG_7163.JPG,3024,3024
TOWER,1029,206,891,2593,IMG_7164.JPG,3024,3024
TOWER,1062,347,1322,2443,IMG_7165.JPG,3024,3024
TOWER,795,422,1392,2157,IMG_7166.JPG,3024,3024
TOWER,1203,211,863,2344,IMG_7167.JPG,3024,3024
TOWER,1151,108,769,2499,IMG_7168.JPG,3024,3024
TOWER,823,319,872,2597,IMG_7169.JPG,3024,3024
TOWER,1034,244,783,2583,IMG_7170.JPG,3024,3024
TOWER,1062,300,788,2588,IMG_7171.JPG,3024,3024
TOWER,870,103,811,2682,IMG_7172.JPG,3024,3024
TOWER,992,136,835,2579,IMG_7173.JPG,3024,3024
TOWER,1006,52,947,2921,IMG_7174.JPG,3024,3024
TOWER,846,164,938,2733,IMG_7175.JPG,3024,3024
TOWER,1048,272,830,2583,IMG_7176.JPG,3024,3024
TOWER,1170,225,792,2560,IMG_7177.JPG,3024,3024
TOWER,1006,150,872,2766,IMG_7178.JPG,3024,3024
TOWER,1362,0,689,1589,IMG_7179.JPG,3024,3024
TOWER,1278,370,689,2044,IMG_7180.JPG,3024,3024
TOWER,963,70,1050,2954,IMG_7183.JPG,3024,3024
TOWER,954,113,1125,2879,IMG_7184.JPG,3024,3024
TOWER,870,108,811,2607,IMG_7185.JPG,3024,3024
TOWER,987,328,1130,2274,IMG_7186.JPG,3024,3024
TOWER,959,169,1027,2635,IMG_7187.JPG,3024,3024
TOWER,935,122,942,2851,IMG_7188.JPG,3024,3024
TOWER,837,70,1163,2799,IMG_7189.JPG,3024,3024
TOWER,992,122,835,2780,IMG_7190.JPG,3024,3024
TOWER,1170,567,1017,2166,IMG_7304.JPG,3024,3024
TOWER,1278,244,961,2485,IMG_7305.JPG,3024,3024
TOWER,898,305,881,2602,IMG_7306.JPG,3024,3024
TOWER,1034,323,750,2372,IMG_7307.JPG,3024,3024
TOWER,1001,183,891,2433,IMG_7308.JPG,3024,3024
TOWER,1142,225,914,2729,IMG_7309.JPG,3024,3024
TOWER,917,70,1181,2574,IMG_7310.JPG,3024,3024
TOWER,1193,197,933,2546,IMG_7311.JPG,3024,3024
TOWER,973,253,1064,2307,IMG_7312.JPG,3024,3024
TOWER,917,0,1439,2705,IMG_7313.JPG,3024,3024
TOWER,1184,113,1331,2602,IMG_7314.JPG,3024,3024
TOWER,1029,150,717,2311,IMG_7315.JPG,3024,3024
TOWER,1029,0,853,2640,IMG_7316.JPG,3024,3024
TOWER,1259,0,1149,2860,IMG_7317.JPG,3024,3024
TOWER,1198,19,985,2743,IMG_7318.JPG,3024,3024
TOWER,940,0,900,2583,IMG_7319.JPG,3024,3024
TOWER,1020,0,867,2555,IMG_7320.JPG,3024,3024
TOWER,837,0,1167,3024,IMG_7321.JPG,3024,3024
TOWER,752,0,1510,3024,IMG_7322.JPG,3024,3024
TOWER,949,0,1392,3024,IMG_7323.JPG,3024,3024
TOWER,752,0,1430,3024,IMG_7324.JPG,3024,3024
TOWER,860,0,1707,3024,IMG_7325.JPG,3024,3024
TOWER,715,0,1477,3024,IMG_7326.JPG,3024,3024
TOWER,185,0,2194,3024,IMG_7327.JPG,3024,3024
TOWER,649,0,1796,2888,IMG_7328.JPG,3024,3024
TOWER,593,28,914,2902,IMG_7329.JPG,3024,3024
TOWER,1020,0,1078,3024,IMG_7330.JPG,3024,3024
TOWER,560,192,1482,2583,IMG_7331.JPG,3024,3024
TOWER,715,0,1303,3024,IMG_7332.JPG,3024,3024
TOWER,696,0,1238,2804,IMG_7333.JPG,3024,3024
TOWER,907,211,933,2686,IMG_7334.JPG,3024,3024
TOWER,232,0,2330,3024,IMG_7335.JPG,3024,3024
TOWER,860,216,956,2607,IMG_7336.JPG,3024,3024
TOWER,804,0,1467,2677,IMG_7337.JPG,3024,3024
TOWER,363,0,2063,2822,IMG_7338.JPG,3024,3024
TOWER,893,0,1632,3024,IMG_7339.JPG,3024,3024
TOWER,1067,0,1421,2874,IMG_7340.JPG,3024,3024
TOWER,987,0,788,2452,IMG_7341.JPG,3024,3024
TOWER,921,0,924,3024,IMG_7342.JPG,3024,3024
TOWER,1123,84,1022,2776,IMG_7343.JPG,3024,3024
TOWER,682,0,1472,2860,IMG_7344.JPG,3024,3024
TOWER,879,417,1242,2565,IMG_7345.JPG,3024,3024
TOWER,992,155,872,2302,IMG_7346.JPG,3024,3024
TOWER,846,0,1275,3024,IMG_7347.JPG,3024,3024
TOWER,1489,0,1294,2865,IMG_7348.JPG,3024,3024
TOWER,523,0,1449,2869,IMG_7349.JPG,3024,3024
TOWER,903,75,1135,2785,IMG_7350.JPG,3024,3024
TOWER,945,0,1121,2757,IMG_7351.JPG,3024,3024
TOWER,523,0,1482,3001,IMG_7352.JPG,3024,3024
TOWER,799,0,1233,2836,IMG_7353.JPG,3024,3024
TOWER,860,0,1153,2663,IMG_7354.JPG,3024,3024
TOWER,776,14,1336,3010,IMG_7355.JPG,3024,3024
TOWER,888,56,1388,2883,IMG_7356.JPG,3024,3024
TOWER,640,0,1336,2977,IMG_7357.JPG,3024,3024
TOWER,907,56,905,2794,IMG_7358.JPG,3024,3024
TOWER,457,0,1871,2836,IMG_7359.JPG,3024,3024
TOWER,710,0,1421,2846,IMG_7360.JPG,3024,3024
TOWER,935,553,1116,2382,IMG_7361.JPG,3024,3024
TOWER,720,127,1407,2888,IMG_7362.JPG,3024,3024
TOWER,518,14,1613,2593,IMG_7363.JPG,3024,3024
TOWER,945,117,1350,2869,IMG_7364.JPG,3024,3024
TOWER,884,938,1514,2086,IMG_7365.JPG,3024,3024
TOWER,870,47,1247,2761,IMG_7366.JPG,3024,3024
TOWER,978,1022,1252,2002,IMG_7367.JPG,3024,3024
TOWER,893,417,1355,2560,IMG_7368.JPG,3024,3024
TOWER,462,928,1557,1632,IMG_7369.JPG,3024,3024
TOWER,785,586,1266,2438,IMG_7370.JPG,3024,3024
TOWER,391,708,2063,2311,IMG_7371.JPG,3024,3024
TOWER,687,0,1205,2846,IMG_7372.JPG,3024,3024
TOWER,893,0,1210,2799,IMG_7373.JPG,3024,3024
TOWER,879,0,1453,2813,IMG_7374.JPG,3024,3024
TOWER,860,0,1561,2935,IMG_7375.JPG,3024,3024
TOWER,1324,0,1700,2921,IMG_7376.JPG,3024,3024
TOWER,349,994,2675,2030,IMG_7377.JPG,3024,3024
TOWER,748,295,1139,2372,IMG_7378.JPG,3024,3024
TOWER,1128,23,966,2621,IMG_7379.JPG,3024,3024
TOWER,649,0,1191,2283,IMG_7380.JPG,3024,3024
TOWER,1226,0,1172,2330,IMG_7381.JPG,3024,3024
TOWER,1038,1121,1702,1903,IMG_7382.JPG,3024,3024
TOWER,827,0,2197,2194,IMG_7383.JPG,3024,3024
TOWER,1085,0,1069,1866,IMG_7384.JPG,3024,3024
TOWER,907,0,1078,2911,IMG_7385.JPG,3024,3024
TOWER,0,0,2867,1955,IMG_7386.JPG,3024,3024
TOWER,1071,183,1953,1678,IMG_7387.JPG,3024,3024
TOWER,438,145,1524,2443,IMG_7388.JPG,3024,3024
TOWER,654,0,2189,3024,IMG_7389.JPG,3024,3024
TOWER,987,61,1299,2504,IMG_7390.JPG,3024,3024
TOWER,1118,136,863,2672,IMG_7391.JPG,3024,3024
TOWER,466,328,1472,2565,IMG_7392.JPG,3024,3024
TOWER,1067,206,1280,2705,IMG_7393.JPG,3024,3024
TOWER,499,820,1410,2189,IMG_7394.JPG,3024,3024
TOWER,921,0,1303,2799,IMG_7395.JPG,3024,3024
TOWER,757,14,1219,2991,IMG_7396.JPG,3024,3024
TOWER,1081,352,1280,2597,IMG_7397.JPG,3024,3024
TOWER,846,0,1008,2986,IMG_7398.JPG,3024,3024
TOWER,771,0,1022,2625,IMG_7399.JPG,3024,3024
TOWER,954,0,970,2729,IMG_7400.JPG,3024,3024
TOWER,978,0,938,2874,IMG_7401.JPG,3024,3024
TOWER,771,0,975,2776,IMG_7402.JPG,3024,3024